userId,movieId,rating,date
1,45,4.5,2000-01-15
1,128,3.8,2000-03-22
2,67,4.1,2000-02-08
2,189,3.5,2000-05-19
3,23,4.9,2000-01-30
3,145,3.2,2000-04-12
4,89,4.3,2000-03-05
4,167,3.9,2000-06-18
5,12,4.8,2000-02-14
5,156,3.4,2000-05-27
6,34,4.5,2000-01-08
6,178,3.7,2000-04-21
7,56,4.2,2000-03-17
7,198,3.6,2000-06-29
8,78,4.4,2000-02-03
8,201,3.8,2000-05-16
9,91,4.1,2000-01-25
9,234,3.9,2000-04-07
10,15,4.7,2000-03-11
10,267,3.3,2000-06-24
11,48,4.3,2001-01-18
11,123,3.5,2001-04-01
12,67,4.2,2001-02-22
12,189,3.8,2001-05-05
13,29,4.9,2001-03-15
13,156,3.1,2001-06-28
14,83,4.3,2001-01-07
14,234,3.9,2001-04-20
15,42,4.6,2001-02-14
15,178,3.4,2001-05-27
16,71,4.1,2001-03-28
16,201,3.7,2001-07-11
17,95,4.4,2001-01-21
17,267,3.6,2001-04-04
18,18,4.8,2001-02-08
18,145,3.2,2001-05-21
19,63,4.2,2001-03-31
19,198,3.8,2001-07-14
20,87,4.5,2001-01-14
20,223,3.9,2001-04-27
21,37,4.3,2002-02-05
21,167,3.7,2002-05-18
22,74,4.1,2002-03-12
22,189,3.5,2002-06-25
23,52,4.6,2002-01-19
23,201,3.3,2002-04-02
24,96,4.2,2002-02-26
24,234,3.8,2002-06-08
25,19,4.7,2002-03-15
25,156,3.4,2002-06-28
26,68,4.3,2002-01-04
26,178,3.9,2002-04-17
27,105,4.1,2002-02-21
27,267,3.7,2002-06-03
28,41,4.4,2002-03-28
28,189,3.6,2002-07-11
29,83,4.2,2002-01-11
29,223,3.8,2002-04-24
30,57,4.5,2002-02-14
30,156,3.1,2002-05-27
31,92,4.3,2003-01-22
31,201,3.9,2003-05-05
32,26,4.8,2003-03-07
32,145,3.4,2003-06-20
33,71,4.1,2003-02-13
33,234,3.7,2003-05-26
34,108,4.4,2003-01-30
34,267,3.8,2003-04-12
35,34,4.6,2003-03-19
35,178,3.2,2003-07-02
36,79,4.2,2003-02-06
36,189,3.6,2003-05-19
37,123,4.5,2003-01-14
37,223,3.9,2003-04-27
38,45,4.3,2003-03-03
38,156,3.7,2003-06-16
39,98,4.1,2003-02-25
39,201,3.5,2003-06-08
40,15,4.8,2003-01-08
40,234,3.3,2003-04-21
41,67,4.2,2004-02-11
41,178,3.8,2004-05-24
42,89,4.4,2004-03-17
42,267,3.6,2004-06-30
43,23,4.7,2004-01-26
43,145,3.9,2004-05-09
44,134,4.1,2004-02-19
44,223,3.7,2004-06-01
45,56,4.5,2004-03-05
45,189,3.1,2004-06-18
46,102,4.2,2004-01-14
46,234,3.8,2004-04-27
47,38,4.6,2004-02-26
47,156,3.4,2004-06-08
48,117,4.3,2004-03-12
48,267,3.9,2004-06-25
49,29,4.7,2004-01-21
49,178,3.5,2004-05-04
50,84,4.1,2004-02-08
50,201,3.7,2004-05-21
51,156,4.2,2005-01-16
51,289,3.8,2005-04-29
52,67,4.4,2005-02-23
52,234,3.6,2005-06-06
53,123,4.7,2005-03-04
53,267,3.9,2005-06-17
54,45,4.1,2005-01-13
54,178,3.7,2005-04-26
55,98,4.5,2005-02-20
55,223,3.1,2005-06-03
56,15,4.2,2005-03-11
56,189,3.8,2005-06-24
57,134,4.6,2005-01-30
57,234,3.4,2005-05-13
58,71,4.3,2005-02-17
58,267,3.9,2005-05-30
59,23,4.7,2005-03-25
59,156,3.5,2005-07-08
60,89,4.1,2005-01-07
60,201,3.7,2005-04-20
61,156,4.4,2006-02-14
61,278,3.8,2006-05-27
62,78,4.2,2006-03-22
62,189,3.6,2006-07-05
63,134,4.7,2006-01-31
63,234,3.9,2006-05-14
64,45,4.1,2006-02-09
64,267,3.7,2006-05-22
65,92,4.5,2006-03-17
65,178,3.1,2006-06-30
66,15,4.2,2006-01-26
66,223,3.8,2006-05-09
67,108,4.6,2006-02-14
67,234,3.4,2006-05-27
68,67,4.3,2006-03-22
68,267,3.9,2006-07-05
69,34,4.7,2006-01-31
69,156,3.5,2006-05-14
70,123,4.1,2006-02-09
70,201,3.7,2006-05-22
71,189,4.4,2007-01-17
71,301,3.8,2007-04-30
72,56,4.2,2007-02-25
72,234,3.6,2007-06-08
73,134,4.7,2007-03-05
73,267,3.9,2007-06-18
74,45,4.1,2007-01-14
74,178,3.7,2007-04-27
75,98,4.5,2007-02-21
75,223,3.1,2007-06-04
76,15,4.2,2007-03-12
76,189,3.8,2007-06-25
77,156,4.6,2007-01-31
77,234,3.4,2007-05-14
78,67,4.3,2007-02-09
78,267,3.9,2007-05-22
79,23,4.7,2007-03-19
79,156,3.5,2007-07-02
80,89,4.1,2007-01-28
80,201,3.7,2007-05-11
81,178,4.4,2008-02-06
81,289,3.8,2008-05-20
82,67,4.2,2008-03-15
82,234,3.6,2008-06-28
83,134,4.7,2008-01-24
83,267,3.9,2008-05-07
84,45,4.1,2008-02-02
84,189,3.7,2008-05-16
85,92,4.5,2008-03-12
85,223,3.1,2008-06-25
86,15,4.2,2008-01-21
86,178,3.8,2008-05-04
87,156,4.6,2008-02-29
87,234,3.4,2008-06-12
88,67,4.3,2008-03-08
88,267,3.9,2008-06-21
89,34,4.7,2008-01-17
89,156,3.5,2008-04-30
90,123,4.1,2008-02-25
90,201,3.7,2008-06-08
91,189,4.4,2009-01-04
91,301,3.8,2009-04-17
92,56,4.2,2009-02-11
92,234,3.6,2009-05-25
93,134,4.7,2009-03-20
93,267,3.9,2009-07-03
94,45,4.1,2009-01-29
94,178,3.7,2009-05-12
95,98,4.5,2009-02-07
95,223,3.1,2009-05-21
96,15,4.2,2009-03-16
96,189,3.8,2009-06-29
97,156,4.6,2009-01-25
97,234,3.4,2009-05-08
98,67,4.3,2009-02-03
98,267,3.9,2009-05-17
99,23,4.7,2009-03-13
99,156,3.5,2009-06-26
100,89,4.1,2009-01-22
100,201,3.7,2009-05-05
101,178,4.4,2010-02-01
101,289,3.8,2010-05-15
102,67,4.2,2010-03-11
102,234,3.6,2010-06-24
103,134,4.7,2010-01-20
103,267,3.9,2010-05-03
104,45,4.1,2010-02-28
104,189,3.7,2010-06-11
105,92,4.5,2010-03-07
105,223,3.1,2010-06-20
106,15,4.2,2010-01-16
106,178,3.8,2010-04-29
107,156,4.6,2010-02-24
107,234,3.4,2010-06-07
108,67,4.3,2010-03-05
108,267,3.9,2010-06-18
109,34,4.7,2010-01-14
109,156,3.5,2010-04-27
110,123,4.1,2010-02-21
110,201,3.7,2010-06-04
111,189,4.4,2011-01-30
111,301,3.8,2011-05-13
112,56,4.2,2011-02-08
112,234,3.6,2011-05-22
113,134,4.7,2011-03-19
113,267,3.9,2011-07-02
114,45,4.1,2011-01-28
114,178,3.7,2011-05-11
115,98,4.5,2011-02-06
115,223,3.1,2011-05-20
116,15,4.2,2011-03-17
116,189,3.8,2011-06-30
117,156,4.6,2011-01-26
117,234,3.4,2011-05-09
118,67,4.3,2011-02-04
118,267,3.9,2011-05-18
119,23,4.7,2011-03-14
119,156,3.5,2011-06-27
120,89,4.1,2011-01-23
120,201,3.7,2011-05-06
121,178,4.4,2012-02-01
121,289,3.8,2012-05-15
122,67,4.2,2012-03-11
122,234,3.6,2012-06-24
123,134,2.3,2012-01-20
123,267,4.7,2012-05-03
124,45,3.2,2012-02-28
124,189,4.9,2012-06-11
125,92,4.5,2012-03-07
125,223,1.6,2012-06-20
126,15,2.4,2012-01-16
126,178,4.1,2012-04-29
127,156,4.8,2012-02-24
127,234,2.7,2012-06-07
128,67,3.6,2012-03-05
128,267,4.2,2012-06-18
129,34,1.5,2012-01-14
129,156,4.3,2012-04-27
130,123,4.6,2012-02-21
130,201,2.9,2012-06-04
131,189,3.8,2013-01-30
131,301,4.4,2013-05-13
132,56,1.7,2013-02-08
132,234,4.9,2013-05-22
133,134,4.1,2013-03-19
133,267,2.6,2013-07-02
134,45,2.8,2013-01-28
134,178,4.7,2013-05-11
135,98,3.5,2013-02-06
135,223,4.8,2013-05-20
136,15,4.2,2013-03-17
136,189,1.8,2013-06-30
137,156,2.4,2013-01-26
137,234,4.5,2013-05-09
138,67,4.8,2013-02-04
138,267,2.7,2013-05-18
139,23,3.9,2013-03-14
139,156,4.3,2013-06-27
140,89,1.6,2013-01-23
140,201,4.7,2013-05-06
141,178,2.8,2014-02-01
141,289,4.1,2014-05-15
142,67,4.5,2014-03-11
142,234,2.9,2014-06-24
143,134,3.2,2014-01-20
143,267,4.6,2014-05-03
144,45,1.9,2014-02-28
144,189,4.3,2014-06-11
145,92,2.7,2014-03-07
145,223,4.8,2014-06-20
146,15,3.9,2014-01-16
146,178,4.2,2014-04-29
147,156,1.7,2014-02-24
147,234,4.4,2014-06-07
148,67,2.3,2014-03-05
148,267,4.7,2014-06-18
149,34,4.9,2014-01-14
149,156,2.6,2014-04-27
150,123,3.4,2014-02-21
150,201,4.5,2014-06-04
151,189,1.5,2015-01-30
151,301,3.7,2015-05-13
152,56,2.8,2015-02-08
152,234,4.6,2015-05-22
153,134,4.1,2015-03-19
153,267,2.4,2015-07-02
154,45,1.8,2015-01-28
154,178,4.7,2015-05-11
155,98,3.6,2015-02-06
155,223,4.3,2015-05-20
156,15,2.7,2015-03-17
156,189,4.8,2015-06-30
157,156,4.2,2015-01-26
157,234,2.9,2015-05-09
158,67,3.8,2015-02-04
158,267,4.5,2015-05-18
159,23,1.7,2015-03-14
159,156,4.9,2015-06-27
160,89,2.4,2015-01-23
160,201,4.1,2015-05-06
161,178,4.6,2016-02-01
161,289,2.8,2016-05-15
162,67,3.5,2016-03-11
162,234,4.2,2016-06-24
163,134,1.8,2016-01-20
163,267,4.7,2016-05-03
164,45,2.9,2016-02-28
164,189,4.4,2016-06-11
165,92,3.8,2016-03-07
165,223,4.9,2016-06-20
166,15,1.6,2016-01-16
166,178,4.3,2016-04-29
167,156,2.7,2016-02-24
167,234,4.5,2016-06-07
168,67,3.9,2016-03-05
168,267,4.2,2016-06-18
169,34,1.5,2016-01-14
169,156,4.8,2016-04-27
170,123,2.3,2016-02-21
170,201,4.7,2016-06-04
171,189,3.4,2017-01-30
171,301,4.1,2017-05-13
172,56,4.5,2017-02-08
172,234,2.9,2017-05-22
173,134,3.2,2017-03-19
173,267,4.6,2017-07-02
174,45,1.8,2017-01-28
174,178,4.3,2017-05-11
175,98,2.6,2017-02-06
175,223,4.8,2017-05-20
176,15,3.5,2017-03-17
176,189,4.2,2017-06-30
177,156,1.6,2017-01-26
177,234,4.7,2017-05-09
178,67,2.8,2017-02-04
178,267,4.4,2017-05-18
179,23,3.9,2017-03-14
179,156,4.1,2017-06-27
180,89,1.7,2017-01-23
180,201,4.6,2017-05-06
181,178,2.4,2018-02-01
181,289,4.5,2018-05-15
182,67,4.8,2018-03-11
182,234,2.7,2018-06-24
183,134,3.3,2018-01-20
183,267,4.2,2018-05-03
184,45,1.8,2018-02-28
184,189,4.7,2018-06-11
185,92,2.9,2018-03-07
185,223,4.4,2018-06-20
186,15,3.6,2018-01-16
186,178,4.3,2018-04-29
187,156,1.5,2018-02-24
187,234,4.9,2018-06-07
188,67,2.4,2018-03-05
188,267,4.6,2018-06-18
189,34,3.7,2018-01-14
189,156,4.2,2018-04-27
190,123,1.9,2018-02-21
190,201,4.8,2018-06-04
191,189,2.7,2019-01-30
191,301,4.5,2019-05-13
192,56,3.8,2019-02-08
192,234,4.1,2019-05-22
193,134,1.7,2019-03-19
193,267,4.7,2019-07-02
194,45,2.8,2019-01-28
194,178,4.4,2019-05-11
195,98,3.5,2019-02-06
195,223,4.6,2019-05-20
196,15,1.8,2019-03-17
196,189,4.3,2019-06-30
197,156,2.4,2019-01-26
197,234,4.8,2019-05-09
198,67,3.9,2019-02-04
198,267,4.2,2019-05-18
199,23,1.7,2019-03-14
199,156,4.9,2019-06-27
200,89,2.5,2019-01-23
200,201,4.7,2019-05-06
201,234,3.2,2020-03-15
201,378,4.6,2020-07-28
202,45,4.3,2020-02-22
202,189,1.8,2020-06-05
203,92,2.4,2020-01-08
203,223,4.8,2020-04-21
204,15,1.9,2020-03-26
204,178,4.2,2020-07-09
205,156,3.8,2020-02-14
205,234,4.5,2020-05-27
206,67,2.9,2020-01-31
206,267,4.1,2020-05-14
207,34,4.7,2020-03-11
207,156,2.3,2020-06-24
208,123,3.6,2020-02-19
208,201,4.4,2020-06-01
209,189,1.7,2021-01-27
209,301,3.9,2021-05-10
210,56,2.8,2021-03-06
210,234,4.6,2021-06-19
211,134,4.1,2021-02-15
211,267,2.4,2021-05-29
212,45,1.9,2021-01-24
212,178,4.7,2021-05-07
213,98,3.5,2021-03-03
213,223,4.3,2021-06-16
214,15,2.7,2021-02-12
214,189,4.8,2021-05-26
215,156,4.2,2021-01-21
215,234,2.9,2021-05-04
216,67,3.8,2021-02-28
216,267,4.5,2021-06-11
217,23,1.7,2021-03-17
217,156,4.9,2021-06-30
218,89,2.4,2021-01-26
218,201,4.1,2021-05-09
219,178,4.6,2022-02-04
219,289,2.8,2022-05-18
220,67,3.5,2022-03-14
220,234,4.2,2022-06-27
221,134,1.8,2022-01-23
221,267,4.7,2022-05-06
222,45,2.9,2022-02-01
222,189,4.4,2022-05-15
223,92,3.8,2022-03-12
223,223,4.9,2022-06-25
224,15,1.6,2022-01-21
224,178,4.3,2022-05-04
225,156,2.7,2022-02-28
225,234,4.5,2022-06-11
226,67,3.9,2022-03-07
226,267,4.2,2022-06-20
227,34,1.5,2022-01-16
227,156,4.8,2022-04-29
228,123,2.3,2022-02-24
228,201,4.7,2022-06-07
229,189,3.4,2023-01-03
229,301,4.1,2023-04-17
230,56,4.5,2023-02-11
230,234,2.9,2023-05-25
231,134,3.2,2023-03-20
231,267,4.6,2023-07-03
232,45,1.8,2023-01-29
232,178,4.3,2023-05-12
233,98,2.6,2023-02-07
233,223,4.8,2023-05-21
234,15,3.5,2023-03-16
234,189,4.2,2023-06-29
235,156,1.6,2023-01-25
235,234,4.7,2023-05-08
236,67,2.8,2023-02-03
236,267,4.4,2023-05-17
237,23,3.9,2023-03-13
237,156,4.1,2023-06-26
238,89,1.7,2023-01-22
238,201,4.6,2023-05-05
239,178,2.4,2024-02-01
239,289,4.5,2024-05-15
240,67,4.8,2024-03-11
240,234,2.7,2024-06-24
241,134,3.3,2024-01-20
241,267,4.2,2024-05-03
242,45,1.8,2024-02-28
242,189,4.7,2024-06-11
243,92,2.9,2024-03-07
243,223,4.4,2024-06-20
244,15,3.6,2024-01-16
244,178,4.3,2024-04-29
245,156,1.5,2024-02-24
245,234,4.9,2024-06-07
246,67,2.4,2024-03-05
246,267,4.6,2024-06-18
247,34,3.7,2024-01-14
247,156,4.2,2024-04-27
248,123,1.9,2024-02-21
248,201,4.8,2024-06-04
249,189,2.7,2025-01-30
249,301,4.5,2025-05-13
250,56,3.8,2025-02-08
250,234,4.1,2025-05-22
251,134,1.7,2025-03-19
251,267,4.7,2025-07-02
252,45,2.8,2025-01-28
252,178,4.4,2025-05-11
253,98,3.5,2025-02-06
253,223,4.6,2025-05-20
254,15,1.8,2025-03-17
254,189,4.3,2025-06-30
255,156,2.4,2025-01-26
255,234,4.8,2025-05-09
256,67,3.9,2025-02-04
256,267,4.2,2025-05-18
257,23,1.7,2025-03-14
257,156,4.9,2025-06-27
258,89,2.5,2025-01-23
258,201,4.7,2025-05-06
259,178,3.2,2025-02-01
259,289,4.6,2025-05-15
260,67,4.3,2025-03-11
260,234,1.8,2025-06-24
261,15,3.7,2003-11-20
261,89,1.9,2004-07-12
262,23,2.3,2006-08-14
262,134,4.6,2007-12-03
263,45,1.8,2009-10-25
263,178,4.3,2010-03-08
264,56,3.9,2012-01-30
264,189,4.5,2013-06-11
265,78,2.8,2015-04-14
265,201,4.7,2016-11-02
266,92,1.7,2018-02-05
266,223,4.9,2019-05-23
267,34,3.8,2001-07-29
267,156,4.2,2002-12-11
268,67,2.6,2004-09-08
268,234,4.4,2005-01-17
269,123,4.7,2007-03-14
269,267,2.3,2008-08-25
270,45,3.5,2010-05-22
270,178,4.6,2011-10-04
271,98,1.6,2013-07-31
271,223,4.8,2014-12-13
272,15,2.7,2016-04-10
272,189,4.3,2017-08-22
273,156,3.9,2019-06-17
273,234,4.1,2020-10-30
274,67,4.5,2001-08-27
274,267,3.8,2002-01-10
275,23,2.9,2004-10-06
275,156,4.4,2005-02-19
276,89,1.8,2007-11-15
276,201,4.7,2008-04-28
277,134,3.6,2010-12-24
277,234,4.2,2011-05-07
278,45,2.8,2013-03-04
278,178,4.6,2014-07-17
279,56,1.7,2016-06-12
279,189,4.9,2017-10-25
280,15,3.8,2019-05-21
280,223,4.3,2020-09-03
281,156,2.7,2001-04-29
281,267,4.5,2002-08-12
282,34,1.8,2004-07-08
282,189,4.7,2005-11-20
283,67,3.5,2007-06-17
283,234,4.1,2008-10-30
284,123,2.8,2010-05-26
284,267,4.6,2011-09-08
285,45,1.7,2013-04-05
285,178,4.8,2014-08-18
286,92,3.9,2016-07-14
286,223,4.2,2017-11-26
287,15,2.6,2019-09-22
287,189,4.4,2020-01-05
288,156,1.8,2001-10-31
288,234,4.7,2002-03-15
289,67,3.6,2004-12-10
289,267,4.3,2005-04-23
290,23,2.7,2007-01-18
290,156,4.5,2008-06-01
291,89,1.6,2010-02-27
291,201,4.9,2011-07-11
292,134,3.7,2013-04-07
292,234,4.1,2014-08-20
293,45,2.9,2016-05-16
293,178,4.6,2017-09-29
294,56,1.7,2019-06-24
294,189,4.8,2020-10-07
295,15,3.8,2001-07-04
295,223,4.2,2002-11-16
296,156,2.6,2004-08-14
296,267,4.4,2005-12-27
297,34,1.8,2007-09-23
297,189,4.7,2008-01-06
298,67,3.5,2010-10-02
298,234,4.1,2011-02-15
299,123,2.8,2013-11-11
299,267,4.6,2014-03-25
300,45,1.7,2016-12-20
300,178,4.8,2017-05-03
301,92,3.9,2019-01-29
301,223,4.2,2020-06-12
301,345,1.5,2021-10-25
302,15,2.6,2001-03-08
302,189,4.4,2002-07-21
302,312,3.1,2003-12-03
303,156,1.8,2004-04-16
303,234,4.7,2005-08-29
303,378,2.5,2006-01-11
304,67,3.6,2007-05-24
304,267,4.3,2008-10-06
304,412,1.9,2009-02-19
305,23,2.7,2010-07-03
305,156,4.5,2011-11-15
305,289,3.2,2012-03-29
306,89,1.6,2013-08-11
306,201,4.9,2014-12-24
306,323,2.8,2015-05-07
307,134,3.7,2016-09-20
307,234,4.1,2017-01-03
307,389,1.8,2018-05-16
308,45,2.9,2019-10-29
308,178,4.6,2020-02-11
308,301,3.4,2021-06-24
309,56,1.7,2001-11-06
309,189,4.8,2002-03-20
309,345,2.3,2003-07-03
310,15,3.8,2004-12-16
310,223,4.2,2005-04-29
310,356,1.9,2006-09-11
311,156,2.6,2007-01-24
311,267,4.4,2008-06-07
311,412,3.1,2009-10-20
312,34,1.8,2010-02-02
312,189,4.7,2011-07-16
312,301,2.9,2012-11-28
313,67,3.5,2013-04-12
313,234,4.1,2014-08-25
313,378,1.6,2015-12-08
314,123,2.8,2016-05-21
314,267,4.6,2017-09-03
314,389,3.3,2018-01-16
315,45,1.7,2019-06-29
315,178,4.8,2020-10-12
315,301,2.4,2021-02-25
316,92,3.9,2001-07-08
316,223,4.2,2002-11-20
316,345,1.5,2003-04-04
317,15,2.6,2004-08-17
317,189,4.4,2005-12-30
317,312,3.1,2006-05-13
318,156,1.8,2007-09-26
318,234,4.7,2008-01-09
318,378,2.5,2009-05-22
319,67,3.6,2010-10-05
319,267,4.3,2011-02-18
319,412,1.9,2012-06-30
320,23,2.7,2013-11-13
320,156,4.5,2014-03-27
320,289,3.2,2015-08-09
321,89,1.6,2016-12-22
321,201,4.9,2017-05-05
321,323,2.8,2018-09-18
322,134,3.7,2019-01-31
322,234,4.1,2020-06-14
322,389,1.8,2021-10-27
323,45,2.9,2001-03-10
323,178,4.6,2002-07-23
323,301,3.4,2003-12-05
324,56,1.7,2004-04-18
324,189,4.8,2005-08-31
324,345,2.3,2006-01-13
325,15,3.8,2007-05-26
325,223,4.2,2008-10-08
325,356,1.9,2009-02-21
326,156,2.6,2010-07-05
326,267,4.4,2011-11-17
326,412,3.1,2012-03-31
327,34,1.8,2013-08-13
327,189,4.7,2014-12-26
327,301,2.9,2015-05-09
328,67,3.5,2016-09-22
328,234,4.1,2017-01-05
328,378,1.6,2018-05-18
329,123,2.8,2019-10-31
329,267,4.6,2020-02-13
329,389,3.3,2021-06-26
330,45,1.7,2001-11-08
330,178,4.8,2002-03-22
330,301,2.4,2003-07-05
331,92,3.9,2004-12-18
331,223,4.2,2005-04-01
331,345,1.5,2006-09-14
332,15,2.6,2007-01-27
332,189,4.4,2008-06-10
332,312,3.1,2009-10-23
333,156,1.8,2010-02-05
333,234,4.7,2011-07-19
333,378,2.5,2012-11-01
334,67,3.6,2013-04-15
334,267,4.3,2014-08-28
334,412,1.9,2015-12-11
335,23,2.7,2016-05-24
335,156,4.5,2017-09-06
335,289,3.2,2018-01-19
336,89,1.6,2019-07-02
336,201,4.9,2020-10-15
336,323,2.8,2021-02-28
337,134,3.7,2001-06-11
337,234,4.1,2002-10-24
337,389,1.8,2003-03-08
338,45,2.9,2004-07-21
338,178,4.6,2005-12-03
338,301,3.4,2006-04-16
339,56,1.7,2007-08-29
339,189,4.8,2008-01-12
339,345,2.3,2009-05-25
340,15,3.8,2010-10-08
340,223,4.2,2011-02-21
340,356,1.9,2012-07-04
341,156,2.6,2013-11-17
341,267,4.4,2014-03-31
341,412,3.1,2015-08-13
342,34,1.8,2016-12-26
342,189,4.7,2017-05-09
342,301,2.9,2018-09-22
343,67,3.5,2019-01-05
343,234,4.1,2020-06-18
343,378,1.6,2021-10-31
344,123,2.8,2001-03-14
344,267,4.6,2002-07-27
344,389,3.3,2003-12-09
345,45,1.7,2004-04-22
345,178,4.8,2005-09-04
345,301,2.4,2006-01-17
346,92,3.9,2007-05-30
346,223,4.2,2008-10-12
346,345,1.5,2009-02-25
347,15,2.6,2010-07-09
347,189,4.4,2011-11-21
347,312,3.1,2012-04-04
348,156,1.8,2013-08-17
348,234,4.7,2014-12-30
348,378,2.5,2015-05-13
349,67,3.6,2016-09-26
349,267,4.3,2017-01-09
349,412,1.9,2018-05-22
350,23,2.7,2019-11-04
350,156,4.5,2020-02-17
350,289,3.2,2021-06-30
351,89,1.6,2001-08-12
351,201,4.9,2002-12-25
351,323,2.8,2003-05-08
352,134,3.7,2004-09-21
352,234,4.1,2005-01-04
352,389,1.8,2006-06-17
353,45,2.9,2007-10-30
353,178,4.6,2008-03-13
353,301,3.4,2009-07-26
354,56,1.7,2010-12-09
354,189,4.8,2011-04-22
354,345,2.3,2012-09-04
355,15,3.8,2013-01-17
355,223,4.2,2014-05-30
355,356,1.9,2015-10-13
356,156,2.6,2016-02-26
356,267,4.4,2017-07-10
356,412,3.1,2018-11-22
357,34,1.8,2019-04-06
357,189,4.7,2020-08-19
357,301,2.9,2021-12-02
358,67,3.5,2001-05-15
358,234,4.1,2002-09-28
358,378,1.6,2003-02-10
359,123,2.8,2004-06-23
359,267,4.6,2005-11-05
359,389,3.3,2006-03-19
360,45,1.7,2007-08-01
360,178,4.8,2008-12-14
360,301,2.4,2009-04-27
361,92,3.9,2010-09-09
361,223,4.2,2011-01-22
361,345,1.5,2012-06-05
362,15,2.6,2013-10-18
362,189,4.4,2014-02-01
362,312,3.1,2015-07-14
363,156,1.8,2016-11-27
363,234,4.7,2017-04-10
363,378,2.5,2018-08-23
364,67,3.6,2019-12-06
364,267,4.3,2020-04-19
364,412,1.9,2021-09-01
365,23,2.7,2001-01-14
365,156,4.5,2002-05-27
365,289,3.2,2003-10-09
366,89,1.6,2004-02-22
366,201,4.9,2005-07-05
366,323,2.8,2006-11-18
367,134,3.7,2007-04-01
367,234,4.1,2008-08-14
367,389,1.8,2009-12-27
368,45,2.9,2010-05-10
368,178,4.6,2011-09-23
368,301,3.4,2012-01-06
369,56,1.7,2013-06-19
369,189,4.8,2014-10-02
369,345,2.3,2015-02-15
370,15,3.8,2016-07-28
370,223,4.2,2017-12-11
370,356,1.9,2018-04-24
371,156,2.6,2019-09-06
371,267,4.4,2020-01-19
371,412,3.1,2021-05-02
372,34,1.8,2001-10-15
372,189,4.7,2002-02-28
372,301,2.9,2003-07-11
373,67,3.5,2004-11-24
373,234,4.1,2005-04-07
373,378,1.6,2006-08-20
374,123,2.8,2007-12-03
374,267,4.6,2008-05-16
374,389,3.3,2009-09-29
375,45,1.7,2010-02-11
375,178,4.8,2011-06-24
375,301,2.4,2012-11-06
376,92,3.9,2013-03-20
376,223,4.2,2014-08-02
376,345,1.5,2015-12-15
377,15,2.6,2016-04-28
377,189,4.4,2017-09-10
377,312,3.1,2018-01-23
378,156,1.8,2019-06-05
378,234,4.7,2020-10-18
378,378,2.5,2021-02-01
379,67,3.6,2001-07-14
379,267,4.3,2002-11-26
379,412,1.9,2003-04-10
380,23,2.7,2004-08-23
380,156,4.5,2005-12-06
380,289,3.2,2006-05-19
381,89,1.6,2007-10-02
381,201,4.9,2008-02-15
381,323,2.8,2009-06-28
382,134,3.7,2010-11-10
382,234,4.1,2011-03-24
382,389,1.8,2012-08-06
383,45,2.9,2013-12-19
383,178,4.6,2014-05-02
383,301,3.4,2015-09-15
384,56,1.7,2016-01-28
384,189,4.8,2017-06-11
384,345,2.3,2018-10-24
385,15,3.8,2019-03-08
385,223,4.2,2020-07-21
385,356,1.9,2021-11-03
386,156,2.6,2001-04-16
386,267,4.4,2002-08-29
386,412,3.1,2003-01-11
387,34,1.8,2004-05-24
387,189,4.7,2005-10-07
387,301,2.9,2006-02-20
388,67,3.5,2007-07-03
388,234,4.1,2008-11-16
388,378,1.6,2009-03-30
389,123,2.8,2010-08-12
389,267,4.6,2011-12-25
389,389,3.3,2012-05-08
390,45,1.7,2013-09-21
390,178,4.8,2014-01-04
390,301,2.4,2015-06-17
391,92,3.9,2016-10-30
391,223,4.2,2017-03-13
391,345,1.5,2018-07-26
392,15,2.6,2019-12-08
392,189,4.4,2020-04-21
392,312,3.1,2021-09-03
393,156,1.8,2001-01-16
393,234,4.7,2002-05-29
393,378,2.5,2003-10-11
394,67,3.6,2004-02-24
394,267,4.3,2005-07-07
394,412,1.9,2006-11-20
395,23,2.7,2007-04-03
395,156,4.5,2008-08-16
395,289,3.2,2009-12-29
396,89,1.6,2010-05-12
396,201,4.9,2011-09-25
396,323,2.8,2012-02-07
397,134,3.7,2013-06-20
397,234,4.1,2014-11-02
397,389,1.8,2015-03-16
398,45,2.9,2016-07-29
398,178,4.6,2017-12-12
398,301,3.4,2018-04-25
399,56,1.7,2019-09-07
399,189,4.8,2020-01-20
399,345,2.3,2021-05-03
400,15,3.8,2001-10-16
400,223,4.2,2002-02-28
400,356,1.9,2003-07-11
401,156,2.6,2004-11-24
401,267,4.4,2005-04-07
401,412,3.1,2006-08-20
402,34,1.8,2007-12-03
402,189,4.7,2008-05-16
402,301,2.9,2009-09-29
403,67,3.5,2010-02-11
403,234,4.1,2011-06-24
403,378,1.6,2012-11-06
404,123,2.8,2013-03-20
404,267,4.6,2014-08-02
404,389,3.3,2015-12-15
405,45,1.7,2016-04-28
405,178,4.8,2017-09-10
405,301,2.4,2018-01-23
406,92,3.9,2019-06-05
406,223,4.2,2020-10-18
406,345,1.5,2021-02-01
407,15,2.6,2001-07-14
407,189,4.4,2002-11-26
407,312,3.1,2003-04-10
408,156,1.8,2004-08-23
408,234,4.7,2005-12-06
408,378,2.5,2006-05-19
409,67,3.6,2007-10-02
409,267,4.3,2008-02-15
409,412,1.9,2009-06-28
410,23,2.7,2010-11-10
410,156,4.5,2011-03-24
410,289,3.2,2012-08-06
411,89,1.6,2013-12-19
411,201,4.9,2014-05-02
411,323,2.8,2015-09-15
412,134,3.7,2016-01-28
412,234,4.1,2017-06-11
412,389,1.8,2018-10-24
413,45,2.9,2019-03-08
413,178,4.6,2020-07-21
413,301,3.4,2021-11-03
414,56,1.7,2001-04-16
414,189,4.8,2002-08-29
414,345,2.3,2003-01-11
415,15,3.8,2004-05-24
415,223,4.2,2005-10-07
415,356,1.9,2006-02-20
416,156,2.6,2007-07-03
416,267,4.4,2008-11-16
416,412,3.1,2009-03-30
417,34,1.8,2010-08-12
417,189,4.7,2011-12-25
417,301,2.9,2012-05-08
418,67,3.5,2013-09-21
418,234,4.1,2014-01-04
418,378,1.6,2015-06-17
419,123,2.8,2016-10-30
419,267,4.6,2017-03-13
419,389,3.3,2018-07-26
420,45,1.7,2019-12-08
420,178,4.8,2020-04-21
420,301,2.4,2021-09-03
421,92,3.9,2001-01-16
421,223,4.2,2002-05-29
421,345,1.5,2003-10-11
422,15,2.6,2004-02-24
422,189,4.4,2005-07-07
422,312,3.1,2006-11-20
423,156,1.8,2007-04-03
423,234,4.7,2008-08-16
423,378,2.5,2009-12-29
424,67,3.6,2010-05-12
424,267,4.3,2011-09-25
424,412,1.9,2012-02-07
425,23,2.7,2013-06-20
425,156,4.5,2014-11-02
425,289,3.2,2015-03-16
426,89,1.6,2016-07-29
426,201,4.9,2017-12-12
426,323,2.8,2018-04-25
427,134,3.7,2019-09-07
427,234,4.1,2020-01-20
427,389,1.8,2021-05-03
428,45,2.9,2001-10-16
428,178,4.6,2002-02-28
428,301,3.4,2003-07-11
429,56,1.7,2004-11-24
429,189,4.8,2005-04-07
429,345,2.3,2006-08-20
430,15,3.8,2007-12-03
430,223,4.2,2008-05-16
430,356,1.9,2009-09-29
431,156,2.6,2010-02-11
431,267,4.4,2011-06-24
431,412,3.1,2012-11-06
432,34,1.8,2013-03-20
432,189,4.7,2014-08-02
432,301,2.9,2015-12-15
433,67,3.5,2016-04-28
433,234,4.1,2017-09-10
433,378,1.6,2018-01-23
434,123,2.8,2019-06-05
434,267,4.6,2020-10-18
434,389,3.3,2021-02-01
435,45,1.7,2001-07-14
435,178,4.8,2002-11-26
435,301,2.4,2003-04-10
436,92,3.9,2004-08-23
436,223,4.2,2005-12-06
436,345,1.5,2006-05-19
437,15,2.6,2007-10-02
437,189,4.4,2008-02-15
437,312,3.1,2009-06-28
438,156,1.8,2010-11-10
438,234,4.7,2011-03-24
438,378,2.5,2012-08-06
439,67,3.6,2013-12-19
439,267,4.3,2014-05-02
439,412,1.9,2015-09-15
440,23,2.7,2016-01-28
440,156,4.5,2017-06-11
440,289,3.2,2018-10-24
441,89,1.6,2019-03-08
441,201,4.9,2020-07-21
441,323,2.8,2021-11-03
442,134,3.7,2001-04-16
442,234,4.1,2002-08-29
442,389,1.8,2003-01-11
443,45,2.9,2004-05-24
443,178,4.6,2005-10-07
443,301,3.4,2006-02-20
444,56,1.7,2007-07-03
444,189,4.8,2008-11-16
444,345,2.3,2009-03-30
445,15,3.8,2010-08-12
445,223,4.2,2011-12-25
445,356,1.9,2012-05-08
446,156,2.6,2013-09-21
446,267,4.4,2014-01-04
446,412,3.1,2015-06-17
447,34,1.8,2016-10-30
447,189,4.7,2017-03-13
447,301,2.9,2018-07-26
448,67,3.5,2019-12-08
448,234,4.1,2020-04-21
448,378,1.6,2021-09-03
449,123,2.8,2001-01-16
449,267,4.6,2002-05-29
449,389,3.3,2003-10-11
450,45,1.7,2004-02-24
450,178,4.8,2005-07-07
450,301,2.4,2006-11-20
451,92,3.9,2007-04-03
451,223,4.2,2008-08-16
451,345,1.5,2009-12-29
452,15,2.6,2010-05-12
452,189,4.4,2011-09-25
452,312,3.1,2012-02-07
453,156,1.8,2013-06-20
453,234,4.7,2014-11-02
453,378,2.5,2015-03-16
454,67,3.6,2016-07-29
454,267,4.3,2017-12-12
454,412,1.9,2018-04-25
455,23,2.7,2019-09-07
455,156,4.5,2020-01-20
455,289,3.2,2021-05-03
456,89,1.6,2001-10-16
456,201,4.9,2002-02-28
456,323,2.8,2003-07-11
457,134,3.7,2004-11-24
457,234,4.1,2005-04-07
457,389,1.8,2006-08-20
458,45,2.9,2007-12-03
458,178,4.6,2008-05-16
458,301,3.4,2009-09-29
459,56,1.7,2010-02-11
459,189,4.8,2011-06-24
459,345,2.3,2012-11-06
460,15,3.8,2013-03-20
460,223,4.2,2014-08-02
460,356,1.9,2015-12-15
461,156,2.6,2016-04-28
461,267,4.4,2017-09-10
461,412,3.1,2018-01-23
462,34,1.8,2019-06-05
462,189,4.7,2020-10-18
462,301,2.9,2021-02-01
463,67,3.5,2001-07-14
463,234,4.1,2002-11-26
463,378,1.6,2003-04-10
464,123,2.8,2004-08-23
464,267,4.6,2005-12-06
464,389,3.3,2006-05-19
465,45,1.7,2007-10-02
465,178,4.8,2008-02-15
465,301,2.4,2009-06-28
466,92,3.9,2010-11-10
466,223,4.2,2011-03-24
466,345,1.5,2012-08-06
467,15,2.6,2013-12-19
467,189,4.4,2014-05-02
467,312,3.1,2015-09-15
468,156,1.8,2016-01-28
468,234,4.7,2017-06-11
468,378,2.5,2018-10-24
469,67,3.6,2019-03-08
469,267,4.3,2020-07-21
469,412,1.9,2021-11-03
470,23,2.7,2001-04-16
470,156,4.5,2002-08-29
470,289,3.2,2003-01-11
471,89,1.6,2004-05-24
471,201,4.9,2005-10-07
471,323,2.8,2006-02-20
472,134,3.7,2007-07-03
472,234,4.1,2008-11-16
472,389,1.8,2009-03-30
473,45,2.9,2010-08-12
473,178,4.6,2011-12-25
473,301,3.4,2012-05-08
474,56,1.7,2013-09-21
474,189,4.8,2014-01-04
474,345,2.3,2015-06-17
475,15,3.8,2016-10-30
475,223,4.2,2017-03-13
475,356,1.9,2018-07-26
476,156,2.6,2019-12-08
476,267,4.4,2020-04-21
476,412,3.1,2021-09-03
477,34,1.8,2001-01-16
477,189,4.7,2002-05-29
477,301,2.9,2003-10-11
478,67,3.5,2004-02-24
478,234,4.1,2005-07-07
478,378,1.6,2006-11-20
479,123,2.8,2007-04-03
479,267,4.6,2008-08-16
479,389,3.3,2009-12-29
480,45,1.7,2010-05-12
480,178,4.8,2011-09-25
480,301,2.4,2012-02-07
481,92,3.9,2013-06-20
481,223,4.2,2014-11-02
481,345,1.5,2015-03-16
482,15,2.6,2016-07-29
482,189,4.4,2017-12-12
482,312,3.1,2018-04-25
483,156,1.8,2019-09-07
483,234,4.7,2020-01-20
483,378,2.5,2021-05-03
484,67,3.6,2001-10-16
484,267,4.3,2002-02-28
484,412,1.9,2003-07-11
485,23,2.7,2004-11-24
485,156,4.5,2005-04-07
485,289,3.2,2006-08-20
486,89,1.6,2007-12-03
486,201,4.9,2008-05-16
486,323,2.8,2009-09-29
487,134,3.7,2010-02-11
487,234,4.1,2011-06-24
487,389,1.8,2012-11-06
488,45,2.9,2013-03-20
488,178,4.6,2014-08-02
488,301,3.4,2015-12-15
489,56,1.7,2016-04-28
489,189,4.8,2017-09-10
489,345,2.3,2018-01-23
490,15,3.8,2019-06-05
490,223,4.2,2020-10-18
490,356,1.9,2021-02-01
491,156,2.6,2001-07-14
491,267,4.4,2002-11-26
491,412,3.1,2003-04-10
492,34,1.8,2004-08-23
492,189,4.7,2005-12-06
492,301,2.9,2006-05-19
493,67,3.5,2007-10-02
493,234,4.1,2008-02-15
493,378,1.6,2009-06-28
494,123,2.8,2010-11-10
494,267,4.6,2011-03-24
494,389,3.3,2012-08-06
495,45,1.7,2013-12-19
495,178,4.8,2014-05-02
495,301,2.4,2015-09-15
496,92,3.9,2016-01-28
496,223,4.2,2017-06-11
496,345,1.5,2018-10-24
497,15,2.6,2019-03-08
497,189,4.4,2020-07-21
497,312,3.1,2021-11-03
498,156,1.8,2001-04-16
498,234,4.7,2002-08-29
498,378,2.5,2003-01-11
499,67,3.6,2004-05-24
499,267,4.3,2005-10-07
499,412,1.9,2006-02-20
500,23,2.7,2007-07-03
500,156,4.5,2008-11-16
500,289,3.2,2009-03-30
501,89,1.6,2010-08-12
501,201,4.9,2011-12-25
501,323,2.8,2012-05-08
502,134,3.7,2013-09-21
502,234,4.1,2014-01-04
502,389,1.8,2015-06-17
503,45,2.9,2016-10-30
503,178,4.6,2017-03-13
503,301,3.4,2018-07-26
504,56,1.7,2019-12-08
504,189,4.8,2020-04-21
504,345,2.3,2021-09-03
505,15,3.8,2001-01-16
505,223,4.2,2002-05-29
505,356,1.9,2003-10-11
506,156,2.6,2004-02-24
506,267,4.4,2005-07-07
506,412,3.1,2006-11-20
507,34,1.8,2007-04-03
507,189,4.7,2008-08-16
507,301,2.9,2009-12-29
508,67,3.5,2010-05-12
508,234,4.1,2011-09-25
508,378,1.6,2012-02-07
509,123,2.8,2013-06-20
509,267,4.6,2014-11-02
509,389,3.3,2015-03-16
510,45,1.7,2016-07-29
510,178,4.8,2017-12-12
510,301,2.4,2018-04-25
511,92,3.9,2019-09-07
511,223,4.2,2020-01-20
511,345,1.5,2021-05-03
512,15,2.6,2001-10-16
512,189,4.4,2002-02-28
512,312,3.1,2003-07-11
513,156,1.8,2004-11-24
513,234,4.7,2005-04-07
513,378,2.5,2006-08-20
514,67,3.6,2007-12-03
514,267,4.3,2008-05-16
514,412,1.9,2009-09-29
515,23,2.7,2010-02-11
515,156,4.5,2011-06-24
515,289,3.2,2012-11-06
516,89,1.6,2013-03-20
516,201,4.9,2014-08-02
516,323,2.8,2015-12-15
517,134,3.7,2016-04-28
517,234,4.1,2017-09-10
517,389,1.8,2018-01-23
518,45,2.9,2019-06-05
518,178,4.6,2020-10-18
518,301,3.4,2021-02-01
519,56,1.7,2001-07-14
519,189,4.8,2002-11-26
519,345,2.3,2003-04-10
520,15,3.8,2004-08-23
520,223,4.2,2005-12-06
520,356,1.9,2006-05-19
521,156,2.6,2007-10-02
521,267,4.4,2008-02-15
521,412,3.1,2009-06-28
522,34,1.8,2010-11-10
522,189,4.7,2011-03-24
522,301,2.9,2012-08-06
523,67,3.5,2013-12-19
523,234,4.1,2014-05-02
523,378,1.6,2015-09-15
524,123,2.8,2016-01-28
524,267,4.6,2017-06-11
524,389,3.3,2018-10-24
525,45,1.7,2019-03-08
525,178,4.8,2020-07-21
525,301,2.4,2021-11-03
526,92,3.9,2001-04-16
526,223,4.2,2002-08-29
526,345,1.5,2003-01-11
527,15,2.6,2004-05-24
527,189,4.4,2005-10-07
527,312,3.1,2006-02-20
528,156,1.8,2007-07-03
528,234,4.7,2008-11-16
528,378,2.5,2009-03-30
529,67,3.6,2010-08-12
529,267,4.3,2011-12-25
529,412,1.9,2012-05-08
530,23,2.7,2013-09-21
530,156,4.5,2014-01-04
530,289,3.2,2015-06-17
531,89,1.6,2016-10-30
531,201,4.9,2017-03-13
531,323,2.8,2018-07-26
532,134,3.7,2019-12-08
532,234,4.1,2020-04-21
532,389,1.8,2021-09-03
533,45,2.9,2001-01-16
533,178,4.6,2002-05-29
533,301,3.4,2003-10-11
534,56,1.7,2004-02-24
534,189,4.8,2005-07-07
534,345,2.3,2006-11-20
535,15,3.8,2007-04-03
535,223,4.2,2008-08-16
535,356,1.9,2009-12-29
536,156,2.6,2010-05-12
536,267,4.4,2011-09-25
536,412,3.1,2012-02-07
537,34,1.8,2013-06-20
537,189,4.7,2014-11-02
537,301,2.9,2015-03-16
538,67,3.5,2016-07-29
538,234,4.1,2017-12-12
538,378,1.6,2018-04-25
539,123,2.8,2019-09-07
539,267,4.6,2020-01-20
539,389,3.3,2021-05-03
540,45,1.7,2001-10-16
540,178,4.8,2002-02-28
540,301,2.4,2003-07-11
541,92,3.9,2004-11-24
541,223,4.2,2005-04-07
541,345,1.5,2006-08-20
542,15,2.6,2007-12-03
542,189,4.4,2008-05-16
542,312,3.1,2009-09-29
543,156,1.8,2010-02-11
543,234,4.7,2011-06-24
543,378,2.5,2012-11-06
544,67,3.6,2013-03-20
544,267,4.3,2014-08-02
544,412,1.9,2015-12-15
545,23,2.7,2016-04-28
545,156,4.5,2017-09-10
545,289,3.2,2018-01-23
546,89,1.6,2019-06-05
546,201,4.9,2020-10-18
546,323,2.8,2021-02-01
547,134,3.7,2001-07-14
547,234,4.1,2002-11-26
547,389,1.8,2003-04-10
548,45,2.9,2004-08-23
548,178,4.6,2005-12-06
548,301,3.4,2006-05-19
549,56,1.7,2007-10-02
549,189,4.8,2008-02-15
549,345,2.3,2009-06-28
550,15,3.8,2010-11-10
550,223,4.2,2011-03-24
550,356,1.9,2012-08-06
551,156,2.6,2013-12-19
551,267,4.4,2014-05-02
551,412,3.1,2015-09-15
552,34,1.8,2016-01-28
552,189,4.7,2017-06-11
552,301,2.9,2018-10-24
553,67,3.5,2019-03-08
553,234,4.1,2020-07-21
553,378,1.6,2021-11-03
554,123,2.8,2001-04-16
554,267,4.6,2002-08-29
554,389,3.3,2003-01-11
555,45,1.7,2004-05-24
555,178,4.8,2005-10-07
555,301,2.4,2006-02-20
556,92,3.9,2007-07-03
556,223,4.2,2008-11-16
556,345,1.5,2009-03-30
557,15,2.6,2010-08-12
557,189,4.4,2011-12-25
557,312,3.1,2012-05-08
558,156,1.8,2013-09-21
558,234,4.7,2014-01-04
558,378,2.5,2015-06-17
559,67,3.6,2016-10-30
559,267,4.3,2017-03-13
559,412,1.9,2018-07-26
560,23,2.7,2019-12-08
560,156,4.5,2020-04-21
560,289,3.2,2021-09-03
561,89,1.6,2001-01-16
561,201,4.9,2002-05-29
561,323,2.8,2003-10-11
562,134,3.7,2004-02-24
562,234,4.1,2005-07-07
562,389,1.8,2006-11-20
563,45,2.9,2007-04-03
563,178,4.6,2008-08-16
563,301,3.4,2009-12-29
564,56,1.7,2010-05-12
564,189,4.8,2011-09-25
564,345,2.3,2012-02-07
565,15,3.8,2013-06-20
565,223,4.2,2014-11-02
565,356,1.9,2015-03-16
566,156,2.6,2016-07-29
566,267,4.4,2017-12-12
566,412,3.1,2018-04-25
567,34,1.8,2019-09-07
567,189,4.7,2020-01-20
567,301,2.9,2021-05-03
568,67,3.5,2001-10-16
568,234,4.1,2002-02-28
568,378,1.6,2003-07-11
569,123,2.8,2004-11-24
569,267,4.6,2005-04-07
569,389,3.3,2006-08-20
570,45,1.7,2007-12-03
570,178,4.8,2008-05-16
570,301,2.4,2009-09-29
571,92,3.9,2010-02-11
571,223,4.2,2011-06-24
571,345,1.5,2012-11-06
572,15,2.6,2013-03-20
572,189,4.4,2014-08-02
572,312,3.1,2015-12-15
573,156,1.8,2016-04-28
573,234,4.7,2017-09-10
573,378,2.5,2018-01-23
574,67,3.6,2019-06-05
574,267,4.3,2020-10-18
574,412,1.9,2021-02-01
575,23,2.7,2001-07-14
575,156,4.5,2002-11-26
575,289,3.2,2003-04-10
576,89,1.6,2004-08-23
576,201,4.9,2005-12-06
576,323,2.8,2006-05-19
577,134,3.7,2007-10-02
577,234,4.1,2008-02-15
577,389,1.8,2009-06-28
578,45,2.9,2010-11-10
578,178,4.6,2011-03-24
578,301,3.4,2012-08-06
579,56,1.7,2013-12-19
579,189,4.8,2014-05-02
579,345,2.3,2015-09-15
580,15,3.8,2016-01-28
580,223,4.2,2017-06-11
580,356,1.9,2018-10-24
581,156,2.6,2019-12-08
581,267,4.4,2020-04-21
581,412,3.1,2021-09-03
582,34,1.8,2001-01-16
582,189,4.7,2002-05-29
582,301,2.9,2003-10-11
583,67,3.5,2004-02-24
583,234,4.1,2005-07-07
583,378,1.6,2006-11-20
584,123,2.8,2007-04-03
584,267,4.6,2008-08-16
584,389,3.3,2009-12-29
585,45,1.7,2010-05-12
585,178,4.8,2011-09-25
585,301,2.4,2012-02-07
586,92,3.9,2013-06-20
586,223,4.2,2014-11-02
586,345,1.5,2015-03-16
587,15,2.6,2016-07-29
587,189,4.4,2017-12-12
587,312,3.1,2018-04-25
588,156,1.8,2019-09-07
588,234,4.7,2020-01-20
588,378,2.5,2021-05-03
589,67,3.6,2001-10-16
589,267,4.3,2002-02-28
589,412,1.9,2003-07-11
590,23,2.7,2004-11-24
590,156,4.5,2005-04-07
590,289,3.2,2006-08-20
591,89,1.6,2007-12-03
591,201,4.9,2008-05-16
591,323,2.8,2009-09-29
592,134,3.7,2010-02-11
592,234,4.1,2011-06-24
592,389,1.8,2012-11-06
593,45,2.9,2013-03-20
593,178,4.6,2014-08-02
593,301,3.4,2015-12-15
594,56,1.7,2016-04-28
594,189,4.8,2017-09-10
594,345,2.3,2018-01-23
595,15,3.8,2019-06-05
595,223,4.2,2020-10-18
595,356,1.9,2021-02-01
596,156,2.6,2001-07-14
596,267,4.4,2002-11-26
596,412,3.1,2003-04-10
597,34,1.8,2004-08-23
597,189,4.7,2005-12-06
597,301,2.9,2006-05-19
598,67,3.5,2007-10-02
598,234,4.1,2008-02-15
598,378,1.6,2009-06-28
599,123,2.8,2010-11-10
599,267,4.6,2011-03-24
599,389,3.3,2012-08-06
600,45,1.7,2013-12-19
600,178,4.8,2014-05-02
600,301,2.4,2015-09-15
601,92,3.9,2016-01-28
601,223,4.2,2017-06-11
601,345,1.5,2018-10-24
602,15,2.6,2019-12-08
602,189,4.4,2020-04-21
602,312,3.1,2021-09-03
603,156,1.8,2001-01-16
603,234,4.7,2002-05-29
603,378,2.5,2003-10-11
604,67,3.6,2004-02-24
604,267,4.3,2005-07-07
604,412,1.9,2006-11-20
605,23,2.7,2007-04-03
605,156,4.5,2008-08-16
605,289,3.2,2009-12-29
606,89,1.6,2010-05-12
606,201,4.9,2011-09-25
606,323,2.8,2012-02-07
607,134,3.7,2013-06-20
607,234,4.1,2014-11-02
607,389,1.8,2015-03-16
608,45,2.9,2016-07-29
608,178,4.6,2017-12-12
608,301,3.4,2018-04-25
609,56,1.7,2019-09-07
609,189,4.8,2020-01-20
609,345,2.3,2021-05-03
610,15,3.8,2001-10-16
610,223,4.2,2002-02-28
610,356,1.9,2003-07-11
611,156,2.6,2004-11-24
611,267,4.4,2005-04-07
611,412,3.1,2006-08-20
612,34,1.8,2007-12-03
612,189,4.7,2008-05-16
612,301,2.9,2009-09-29
613,67,3.5,2010-02-11
613,234,4.1,2011-06-24
613,378,1.6,2012-11-06
614,123,2.8,2013-03-20
614,267,4.6,2014-08-02
614,389,3.3,2015-12-15
615,45,1.7,2016-04-28
615,178,4.8,2017-09-10
615,301,2.4,2018-01-23
616,92,3.9,2019-06-05
616,223,4.2,2020-10-18
616,345,1.5,2021-02-01
617,15,2.6,2001-07-14
617,189,4.4,2002-11-26
617,312,3.1,2003-04-10
618,156,1.8,2004-08-23
618,234,4.7,2005-12-06
618,378,2.5,2006-05-19
619,67,3.6,2007-10-02
619,267,4.3,2008-02-15
619,412,1.9,2009-06-28
620,23,2.7,2010-11-10
620,156,4.5,2011-03-24
620,289,3.2,2012-08-06
621,89,1.6,2013-12-19
621,201,4.9,2014-05-02
621,323,2.8,2015-09-15
622,134,3.7,2016-01-28
622,234,4.1,2017-06-11
622,389,1.8,2018-10-24
623,45,2.9,2019-03-08
623,178,4.6,2020-07-21
623,301,3.4,2021-11-03
624,56,1.7,2001-04-16
624,189,4.8,2002-08-29
624,345,2.3,2003-01-11
625,15,3.8,2004-05-24
625,223,4.2,2005-10-07
625,356,1.9,2006-02-20
626,156,2.6,2007-07-03
626,267,4.4,2008-11-16
626,412,3.1,2009-03-30
627,34,1.8,2010-08-12
627,189,4.7,2011-12-25
627,301,2.9,2012-05-08
628,67,3.5,2013-09-21
628,234,4.1,2014-01-04
628,378,1.6,2015-06-17
629,123,2.8,2016-10-30
629,267,4.6,2017-03-13
629,389,3.3,2018-07-26
630,45,1.7,2019-12-08
630,178,4.8,2020-04-21
630,301,2.4,2021-09-03
631,92,3.9,2001-01-16
631,223,4.2,2002-05-29
631,345,1.5,2003-10-11
632,15,2.6,2004-02-24
632,189,4.4,2005-07-07
632,312,3.1,2006-11-20
633,156,1.8,2007-04-03
633,234,4.7,2008-08-16
633,378,2.5,2009-12-29
634,67,3.6,2010-05-12
634,267,4.3,2011-09-25
634,412,1.9,2012-02-07
635,23,2.7,2013-06-20
635,156,4.5,2014-11-02
635,289,3.2,2015-03-16
636,89,1.6,2016-07-29
636,201,4.9,2017-12-12
636,323,2.8,2018-04-25
637,134,3.7,2019-09-07
637,234,4.1,2020-01-20
637,389,1.8,2021-05-03
638,45,2.9,2001-10-16
638,178,4.6,2002-02-28
638,301,3.4,2003-07-11
639,56,1.7,2004-11-24
639,189,4.8,2005-04-07
639,345,2.3,2006-08-20
640,15,3.8,2007-12-03
640,223,4.2,2008-05-16
640,356,1.9,2009-09-29
641,156,2.6,2010-02-11
641,267,4.4,2011-06-24
641,412,3.1,2012-11-06
642,34,1.8,2013-03-20
642,189,4.7,2014-08-02
642,301,2.9,2015-12-15
643,67,3.5,2016-04-28
643,234,4.1,2017-09-10
643,378,1.6,2018-01-23
644,123,2.8,2019-06-05
644,267,4.6,2020-10-18
644,389,3.3,2021-02-01
645,45,1.7,2001-07-14
645,178,4.8,2002-11-26
645,301,2.4,2003-04-10
646,92,3.9,2004-08-23
646,223,4.2,2005-12-06
646,345,1.5,2006-05-19
647,15,2.6,2007-10-02
647,189,4.4,2008-02-15
647,312,3.1,2009-06-28
648,156,1.8,2010-11-10
648,234,4.7,2011-03-24
648,378,2.5,2012-08-06
649,67,3.6,2013-12-19
649,267,4.3,2014-05-02
649,412,1.9,2015-09-15
650,23,2.7,2016-01-28
650,156,4.5,2017-06-11
650,289,3.2,2018-10-24
651,89,1.6,2019-03-08
651,201,4.9,2020-07-21
651,323,2.8,2021-11-03
652,134,3.7,2001-04-16
652,234,4.1,2002-08-29
652,389,1.8,2003-01-11
653,45,2.9,2004-05-24
653,178,4.6,2005-10-07
653,301,3.4,2006-02-20
654,56,1.7,2007-07-03
654,189,4.8,2008-11-16
654,345,2.3,2009-03-30
655,15,3.8,2010-08-12
655,223,4.2,2011-12-25
655,356,1.9,2012-05-08
656,156,2.6,2013-09-21
656,267,4.4,2014-01-04
656,412,3.1,2015-06-17
657,34,1.8,2016-10-30
657,189,4.7,2017-03-13
657,301,2.9,2018-07-26
658,67,3.5,2019-12-08
658,234,4.1,2020-04-21
658,378,1.6,2021-09-03
659,123,2.8,2001-01-16
659,267,4.6,2002-05-29
659,389,3.3,2003-10-11
660,45,1.7,2004-02-24
660,178,4.8,2005-07-07
660,301,2.4,2006-11-20
661,92,3.9,2007-04-03
661,223,4.2,2008-08-16
661,345,1.5,2009-12-29
662,15,2.6,2010-05-12
662,189,4.4,2011-09-25
662,312,3.1,2012-02-07
663,156,1.8,2013-06-20
663,234,4.7,2014-11-02
663,378,2.5,2015-03-16
664,67,3.6,2016-07-29
664,267,4.3,2017-12-12
664,412,1.9,2018-04-25
665,23,2.7,2019-09-07
665,156,4.5,2020-01-20
665,289,3.2,2021-05-03
666,89,1.6,2001-10-16
666,201,4.9,2002-02-28
666,323,2.8,2003-07-11
667,134,3.7,2004-11-24
667,234,4.1,2005-04-07
667,389,1.8,2006-08-20
668,45,2.9,2007-12-03
668,178,4.6,2008-05-16
668,301,3.4,2009-09-29
669,56,1.7,2010-02-11
669,189,4.8,2011-06-24
669,345,2.3,2012-11-06
670,15,3.8,2013-03-20
670,223,4.2,2014-08-02
670,356,1.9,2015-12-15
671,156,2.6,2016-04-28
671,267,4.4,2017-09-10
671,412,3.1,2018-01-23
672,34,1.8,2019-06-05
672,189,4.7,2020-10-18
672,301,2.9,2021-02-01
673,67,3.5,2001-07-14
673,234,4.1,2002-11-26
673,378,1.6,2003-04-10
674,123,2.8,2004-08-23
674,267,4.6,2005-12-06
674,389,3.3,2006-05-19
675,45,1.7,2007-10-02
675,178,4.8,2008-02-15
675,301,2.4,2009-06-28
676,92,3.9,2010-11-10
676,223,4.2,2011-03-24
676,345,1.5,2012-08-06
677,15,2.6,2013-12-19
677,189,4.4,2014-05-02
677,312,3.1,2015-09-15
678,156,1.8,2016-01-28
678,234,4.7,2017-06-11
678,378,2.5,2018-10-24
679,67,3.6,2019-03-08
679,267,4.3,2020-07-21
679,412,1.9,2021-11-03
680,23,2.7,2001-04-16
680,156,4.5,2002-08-29
680,289,3.2,2003-01-11
681,89,1.6,2004-05-24
681,201,4.9,2005-10-07
681,323,2.8,2006-02-20
682,134,3.7,2007-07-03
682,234,4.1,2008-11-16
682,389,1.8,2009-03-30
683,45,2.9,2010-08-12
683,178,4.6,2011-12-25
683,301,3.4,2012-05-08
684,56,1.7,2013-09-21
684,189,4.8,2014-01-04
684,345,2.3,2015-06-17
685,15,3.8,2016-10-30
685,223,4.2,2017-03-13
685,356,1.9,2018-07-26
686,156,2.6,2019-12-08
686,267,4.4,2020-04-21
686,412,3.1,2021-09-03
687,34,1.8,2001-01-16
687,189,4.7,2002-05-29
687,301,2.9,2003-10-11
688,67,3.5,2004-02-24
688,234,4.1,2005-07-07
688,378,1.6,2006-11-20
689,123,2.8,2007-04-03
689,267,4.6,2008-08-16
689,389,3.3,2009-12-29
690,45,1.7,2010-05-12
690,178,4.8,2011-09-25
690,301,2.4,2012-02-07
691,92,3.9,2013-06-20
691,223,4.2,2014-11-02
691,345,1.5,2015-03-16
692,15,2.6,2016-07-29
692,189,4.4,2017-12-12
692,312,3.1,2018-04-25
693,156,1.8,2019-09-07
693,234,4.7,2020-01-20
693,378,2.5,2021-05-03
694,67,3.6,2001-10-16
694,267,4.3,2002-02-28
694,412,1.9,2003-07-11
695,23,2.7,2004-11-24
695,156,4.5,2005-04-07
695,289,3.2,2006-08-20
696,89,1.6,2007-12-03
696,201,4.9,2008-05-16
696,323,2.8,2009-09-29
697,134,3.7,2010-02-11
697,234,4.1,2011-06-24
697,389,1.8,2012-11-06
698,45,2.9,2013-03-20
698,178,4.6,2014-08-02
698,301,3.4,2015-12-15
699,56,1.7,2016-04-28
699,189,4.8,2017-09-10
699,345,2.3,2018-01-23
700,15,3.8,2019-06-05
700,223,4.2,2020-10-18
700,356,1.9,2021-02-01
700,487,2.3,2003-08-14
700,112,4.7,2007-11-27
700,365,1.8,2012-06-09
701,298,3.5,2001-04-22
701,173,4.2,2005-09-05
701,441,2.9,2010-01-18
702,76,1.6,2002-07-01
702,324,4.8,2006-10-14
702,499,3.1,2011-03-28
703,155,2.7,2004-12-11
703,287,4.4,2009-05-24
703,422,1.9,2013-08-07
704,88,3.8,2000-02-20
704,331,4.1,2004-06-03
704,466,2.4,2008-11-16
705,142,1.7,2003-03-30
705,376,4.9,2007-07-13
705,488,3.2,2012-12-26
706,199,2.8,2005-10-09
706,344,4.6,2010-02-22
706,477,1.5,2014-07-05
707,63,3.9,2001-05-18
707,228,4.2,2005-08-31
707,393,2.6,2010-12-14
708,117,1.8,2006-04-27
708,352,4.7,2011-09-10
708,485,3.4,2016-01-23
709,184,2.9,2002-11-06
709,319,4.5,2007-02-19
709,494,1.6,2011-06-02
710,95,3.7,2004-01-15
710,270,4.3,2008-04-28
710,455,2.5,2012-10-11
711,138,1.9,2000-07-24
711,363,4.8,2004-12-07
711,486,3.6,2009-04-20
712,211,2.7,2003-09-03
712,386,4.4,2008-01-16
712,497,1.8,2012-05-29
713,74,3.5,2005-11-12
713,249,4.1,2010-03-26
713,434,2.3,2014-08-08
714,126,1.6,2001-12-21
714,401,4.9,2006-05-04
714,476,3.8,2010-09-17
715,169,2.4,2004-02-28
715,354,4.7,2008-07-11
715,489,1.7,2012-11-24
716,102,3.9,2000-08-07
716,277,4.2,2005-01-20
716,452,2.8,2009-06-03
717,147,1.5,2003-10-16
717,332,4.6,2008-02-29
717,467,3.1,2012-07-12
718,190,2.6,2006-12-25
718,375,4.4,2011-05-08
718,490,1.9,2015-09-21
719,113,3.8,2002-04-04
719,258,4.1,2006-07-17
719,443,2.5,2010-11-30
720,136,1.7,2005-03-13
720,361,4.8,2009-08-26
720,496,3.2,2014-01-08
721,203,2.9,2001-09-21
721,368,4.5,2006-02-04
721,493,1.6,2010-06-17
722,80,3.7,2004-11-30
722,265,4.3,2009-04-13
722,450,2.4,2013-08-26
723,124,1.8,2000-12-09
723,349,4.7,2005-05-22
723,474,3.5,2009-10-05
724,171,2.7,2003-07-18
724,396,4.4,2007-12-01
724,481,1.9,2012-04-14
725,58,3.6,2005-09-27
725,243,4.2,2010-02-10
725,428,2.8,2014-06-23
726,132,1.5,2002-01-06
726,407,4.9,2006-04-19
726,482,3.1,2010-08-02
727,177,2.6,2004-12-15
727,402,4.4,2009-03-29
727,487,1.8,2013-07-11
728,94,3.9,2001-05-24
728,269,4.2,2005-10-07
728,444,2.5,2010-02-20
729,119,1.7,2003-08-03
729,394,4.8,2008-01-16
729,479,3.3,2012-05-29
730,152,2.9,2006-11-12
730,427,4.5,2011-03-26
730,492,1.6,2015-08-08
731,86,3.7,2002-04-21
731,261,4.3,2006-09-04
731,436,2.4,2011-01-17
732,128,1.8,2005-06-30
732,413,4.7,2009-11-13
732,498,3.5,2014-03-27
733,165,2.7,2001-10-10
733,340,4.4,2006-02-23
733,475,1.9,2010-07-06
734,72,3.6,2004-12-19
734,247,4.2,2009-05-02
734,432,2.8,2013-09-15
735,110,1.5,2002-02-28
735,385,4.9,2006-07-11
735,480,3.1,2010-11-24
736,143,2.6,2005-04-07
736,418,4.4,2009-08-20
736,493,1.8,2014-01-02
737,96,3.9,2001-06-15
737,271,4.2,2005-10-28
737,446,2.5,2010-03-13
738,121,1.7,2003-08-26
738,406,4.8,2008-02-08
738,491,3.3,2012-06-21
739,154,2.9,2006-12-04
739,429,4.5,2011-04-17
739,494,1.6,2015-08-30
740,78,3.7,2002-05-13
740,253,4.3,2006-09-26
740,438,2.4,2011-02-08
741,130,1.8,2005-07-23
741,415,4.7,2009-12-06
741,500,3.5,2014-04-19
742,167,2.7,2001-11-02
742,342,4.4,2006-03-16
742,477,1.9,2010-07-29
743,84,3.6,2004-12-12
743,259,4.2,2009-04-25
743,434,2.8,2013-09-07
744,108,1.5,2002-02-20
744,383,4.9,2006-07-03
744,478,3.1,2010-11-16
745,139,2.6,2005-04-29
745,414,4.4,2009-09-11
745,499,1.8,2014-01-24
746,100,3.9,2001-06-07
746,275,4.2,2005-10-20
746,450,2.5,2010-03-05
747,115,1.7,2003-08-18
747,400,4.8,2008-01-30
747,485,3.3,2012-06-13
748,148,2.9,2006-11-26
748,423,4.5,2011-04-09
748,498,1.6,2015-08-22
749,82,3.7,2002-05-05
749,257,4.3,2006-09-18
749,442,2.4,2011-01-31
750,134,1.8,2005-07-15
750,419,4.7,2009-11-28
750,494,3.5,2014-04-11
751,163,2.7,2001-10-24
751,338,4.4,2006-03-08
751,473,1.9,2010-07-21
752,88,3.6,2004-12-04
752,263,4.2,2009-04-17
752,438,2.8,2013-08-30
753,112,1.5,2002-02-12
753,387,4.9,2006-06-25
753,482,3.1,2010-11-08
754,135,2.6,2005-04-21
754,410,4.4,2009-09-03
754,495,1.8,2014-01-16
755,104,3.9,2001-05-30
755,279,4.2,2005-10-12
755,454,2.5,2010-02-25
756,119,1.7,2003-08-10
756,404,4.8,2008-01-22
756,489,3.3,2012-06-05
757,144,2.9,2006-11-18
757,419,4.5,2011-04-01
757,494,1.6,2015-08-14
758,86,3.7,2002-04-27
758,261,4.3,2006-09-10
758,446,2.4,2011-01-23
759,130,1.8,2005-07-07
759,415,4.7,2009-11-20
759,500,3.5,2014-04-03
760,159,2.7,2001-10-16
760,334,4.4,2006-02-28
760,469,1.9,2010-07-13
761,92,3.6,2004-11-26
761,267,4.2,2009-04-09
761,442,2.8,2013-08-22
762,116,1.5,2002-02-04
762,391,4.9,2006-06-17
762,486,3.1,2010-10-30
763,131,2.6,2005-04-13
763,406,4.4,2009-08-26
763,491,1.8,2014-01-08
764,108,3.9,2001-05-22
764,283,4.2,2005-10-04
764,458,2.5,2010-02-17
765,123,1.7,2003-08-02
765,408,4.8,2008-01-14
765,493,3.3,2012-05-28
766,140,2.9,2006-11-10
766,415,4.5,2011-03-24
766,490,1.6,2015-08-06
767,90,3.7,2002-04-19
767,265,4.3,2006-09-02
767,450,2.4,2011-01-15
768,126,1.8,2005-06-29
768,411,4.7,2009-11-12
768,496,3.5,2014-03-26
769,155,2.7,2001-10-08
769,330,4.4,2006-02-20
769,465,1.9,2010-07-05
770,96,3.6,2004-11-18
770,271,4.2,2009-04-01
770,446,2.8,2013-08-14
771,120,1.5,2002-01-28
771,395,4.9,2006-06-11
771,490,3.1,2010-10-24
772,127,2.6,2005-04-05
772,402,4.4,2009-08-18
772,487,1.8,2014-01-01
773,112,3.9,2001-05-14
773,287,4.2,2005-09-27
773,462,2.5,2010-02-09
774,119,1.7,2003-07-25
774,404,4.8,2008-01-06
774,489,3.3,2012-05-20
775,136,2.9,2006-11-02
775,411,4.5,2011-03-16
775,486,1.6,2015-07-29
776,94,3.7,2002-04-11
776,269,4.3,2006-08-24
776,454,2.4,2011-01-07
777,122,1.8,2005-06-21
777,407,4.7,2009-11-04
777,492,3.5,2014-03-18
778,151,2.7,2001-10-01
778,326,4.4,2006-02-13
778,461,1.9,2010-06-27
779,100,3.6,2004-11-10
779,275,4.2,2009-03-24
779,450,2.8,2013-08-06
780,124,1.5,2002-01-20
780,399,4.9,2006-06-03
780,494,3.1,2010-10-16
781,131,2.6,2005-03-29
781,398,4.4,2009-08-11
781,483,1.8,2013-12-24
782,116,3.9,2001-05-06
782,291,4.2,2005-09-19
782,466,2.5,2010-02-01
783,123,1.7,2003-07-17
783,408,4.8,2007-12-30
783,493,3.3,2012-05-12
784,140,2.9,2006-10-25
784,415,4.5,2011-03-08
784,490,1.6,2015-07-21
785,98,3.7,2002-04-03
785,273,4.3,2006-08-16
785,458,2.4,2010-12-29
786,128,1.8,2005-06-13
786,413,4.7,2009-10-26
786,498,3.5,2014-03-10
787,147,2.7,2001-09-25
787,322,4.4,2006-02-07
787,467,1.9,2010-06-20
788,104,3.6,2004-11-02
788,279,4.2,2009-03-16
788,464,2.8,2013-07-29
789,132,1.5,2002-01-12
789,403,4.9,2006-05-26
789,488,3.1,2010-10-08
790,135,2.6,2005-03-21
790,406,4.4,2009-08-03
790,491,1.8,2013-12-16
791,112,3.9,2001-04-30
791,287,4.2,2005-09-12
791,462,2.5,2010-01-25
792,119,1.7,2003-07-09
792,400,4.8,2007-12-22
792,485,3.3,2012-05-04
793,136,2.9,2006-10-17
793,411,4.5,2011-02-28
793,486,1.6,2015-07-13
794,100,3.7,2002-03-27
794,275,4.3,2006-08-09
794,460,2.4,2010-12-22
795,124,1.8,2005-06-05
795,399,4.7,2009-10-18
795,494,3.5,2014-03-02
796,143,2.7,2001-09-17
796,318,4.4,2006-01-30
796,463,1.9,2010-06-13
797,108,3.6,2004-10-25
797,283,4.2,2009-03-08
797,468,2.8,2013-07-21
798,128,1.5,2002-01-04
798,403,4.9,2006-05-18
798,488,3.1,2010-09-30
799,131,2.6,2005-03-13
799,398,4.4,2009-07-26
799,483,1.8,2013-12-08
800,116,3.9,2001-04-22
800,291,4.2,2005-09-04
800,466,2.5,2010-01-17
801,123,1.7,2003-07-01
801,408,4.8,2007-12-14
801,493,3.3,2012-04-27
802,140,2.9,2006-10-09
802,415,4.5,2011-02-21
802,490,1.6,2015-07-05
803,98,3.7,2002-03-19
803,273,4.3,2006-08-01
803,458,2.4,2010-12-14
804,128,1.8,2005-05-28
804,413,4.7,2009-10-10
804,498,3.5,2014-02-22
805,147,2.7,2001-09-09
805,322,4.4,2006-01-22
805,467,1.9,2010-06-05
806,104,3.6,2004-10-17
806,279,4.2,2009-02-28
806,464,2.8,2013-07-13
807,132,1.5,2001-12-25
807,403,4.9,2006-05-10
807,488,3.1,2010-09-22
808,135,2.6,2005-03-05
808,406,4.4,2009-07-18
808,491,1.8,2013-12-01
809,112,3.9,2001-04-14
809,287,4.2,2005-08-27
809,462,2.5,2010-01-09
810,119,1.7,2003-06-23
810,400,4.8,2007-12-06
810,485,3.3,2012-04-19
811,136,2.9,2006-10-01
811,411,4.5,2011-02-13
811,486,1.6,2015-06-27
812,100,3.7,2002-03-11
812,275,4.3,2006-07-24
812,460,2.4,2010-12-06
813,124,1.8,2005-05-20
813,399,4.7,2009-10-02
813,494,3.5,2014-02-14
814,143,2.7,2001-09-01
814,318,4.4,2006-01-14
814,463,1.9,2010-05-28
815,108,3.6,2004-10-09
815,283,4.2,2009-02-21
815,468,2.8,2013-07-05
816,128,1.5,2001-12-18
816,403,4.9,2006-05-02
816,488,3.1,2010-09-14
817,131,2.6,2005-02-25
817,398,4.4,2009-07-10
817,483,1.8,2013-11-23
818,116,3.9,2001-04-06
818,291,4.2,2005-08-19
818,466,2.5,2010-01-01
819,123,1.7,2003-06-15
819,408,4.8,2007-11-28
819,493,3.3,2012-04-11
820,140,2.9,2006-09-23
820,415,4.5,2011-02-05
820,490,1.6,2015-06-19
821,98,3.7,2002-03-03
821,273,4.3,2006-07-16
821,458,2.4,2010-11-28
822,128,1.8,2005-05-12
822,413,4.7,2009-09-24
822,498,3.5,2014-02-06
823,147,2.7,2001-08-25
823,322,4.4,2006-01-07
823,467,1.9,2010-05-21
824,104,3.6,2004-10-01
824,279,4.2,2009-02-13
824,464,2.8,2013-06-27
825,132,1.5,2001-12-11
825,403,4.9,2006-04-25
825,488,3.1,2010-09-07
826,135,2.6,2005-02-17
826,406,4.4,2009-07-02
826,491,1.8,2013-11-15
827,112,3.9,2001-03-30
827,287,4.2,2005-08-12
827,462,2.5,2009-12-25
828,119,1.7,2003-06-07
828,400,4.8,2007-11-20
828,485,3.3,2012-04-03
829,136,2.9,2006-09-15
829,411,4.5,2011-01-28
829,486,1.6,2015-06-11
830,100,3.7,2002-02-23
830,275,4.3,2006-07-08
830,460,2.4,2010-11-21
831,124,1.8,2005-05-04
831,399,4.7,2009-09-17
831,494,3.5,2014-01-30
832,143,2.7,2001-08-17
832,318,4.4,2005-12-30
832,463,1.9,2010-05-13
833,108,3.6,2004-09-25
833,283,4.2,2009-02-06
833,468,2.8,2013-06-20
834,128,1.5,2001-12-04
834,403,4.9,2006-04-17
834,488,3.1,2010-08-30
835,131,2.6,2005-02-09
835,398,4.4,2009-06-24
835,483,1.8,2013-11-07
836,116,3.9,2001-03-22
836,291,4.2,2005-08-05
836,466,2.5,2009-12-18
837,123,1.7,2003-05-31
837,408,4.8,2007-11-13
837,493,3.3,2012-03-27
838,140,2.9,2006-09-07
838,415,4.5,2011-01-20
838,490,1.6,2015-06-03
839,98,3.7,2002-02-15
839,273,4.3,2006-07-01
839,458,2.4,2010-11-14
840,128,1.8,2005-04-26
840,413,4.7,2009-09-09
840,498,3.5,2014-01-22
841,147,2.7,2001-08-09
841,322,4.4,2005-12-22
841,467,1.9,2010-05-05
842,104,3.6,2004-09-17
842,279,4.2,2009-01-30
842,464,2.8,2013-06-13
843,132,1.5,2001-11-26
843,403,4.9,2006-04-09
843,488,3.1,2010-08-22
844,135,2.6,2005-02-01
844,406,4.4,2009-06-16
844,491,1.8,2013-10-30
845,112,3.9,2001-03-14
845,287,4.2,2005-07-28
845,462,2.5,2009-12-11
846,119,1.7,2003-05-23
846,400,4.8,2007-11-05
846,485,3.3,2012-03-19
847,136,2.9,2006-08-30
847,411,4.5,2011-01-12
847,486,1.6,2015-05-26
848,100,3.7,2002-02-07
848,275,4.3,2006-06-23
848,460,2.4,2010-11-06
849,124,1.8,2005-04-18
849,399,4.7,2009-09-01
849,494,3.5,2014-01-14
850,143,2.7,2001-08-01
850,318,4.4,2005-12-14
850,463,1.9,2010-04-27
851,108,3.6,2004-09-09
851,283,4.2,2009-01-22
851,468,2.8,2013-06-05
852,128,1.5,2001-11-18
852,403,4.9,2006-04-01
852,488,3.1,2010-08-14
853,131,2.6,2005-01-25
853,398,4.4,2009-06-08
853,483,1.8,2013-10-22
854,116,3.9,2001-03-06
854,291,4.2,2005-07-20
854,466,2.5,2009-12-03
855,123,1.7,2003-05-15
855,408,4.8,2007-10-28
855,493,3.3,2012-03-11
856,140,2.9,2006-08-22
856,415,4.5,2011-01-04
856,490,1.6,2015-05-18
857,98,3.7,2002-01-30
857,273,4.3,2006-06-15
857,458,2.4,2010-10-29
858,128,1.8,2005-04-10
858,413,4.7,2009-08-25
858,498,3.5,2014-01-07
859,147,2.7,2001-07-25
859,322,4.4,2005-12-07
859,467,1.9,2010-04-20
860,104,3.6,2004-09-01
860,279,4.2,2009-01-14
860,464,2.8,2013-05-28
861,132,1.5,2001-11-10
861,403,4.9,2006-03-25
861,488,3.1,2010-08-07
862,135,2.6,2005-01-17
862,406,4.4,2009-06-01
862,491,1.8,2013-10-14
863,112,3.9,2001-02-28
863,287,4.2,2005-07-12
863,462,2.5,2009-11-25
864,119,1.7,2003-05-07
864,400,4.8,2007-10-20
864,485,3.3,2012-03-03
865,136,2.9,2006-08-14
865,411,4.5,2010-12-27
865,486,1.6,2015-05-10
866,100,3.7,2002-01-22
866,275,4.3,2006-06-07
866,460,2.4,2010-10-21
867,124,1.8,2005-04-02
867,399,4.7,2009-08-17
867,494,3.5,2014-01-01
868,143,2.7,2001-07-17
868,318,4.4,2005-11-29
868,463,1.9,2010-04-12
869,108,3.6,2004-08-25
869,283,4.2,2009-01-07
869,468,2.8,2013-05-21
870,128,1.5,2001-11-02
870,403,4.9,2006-03-17
870,488,3.1,2010-07-30
871,131,2.6,2005-01-09
871,398,4.4,2009-05-24
871,483,1.8,2013-10-07
872,116,3.9,2001-02-20
872,291,4.2,2005-07-04
872,466,2.5,2009-11-17
873,123,1.7,2003-04-29
873,408,4.8,2007-10-12
873,493,3.3,2012-02-24
874,140,2.9,2006-08-06
874,415,4.5,2010-12-19
874,490,1.6,2015-05-02
875,98,3.7,2002-01-14
875,273,4.3,2006-05-30
875,458,2.4,2010-10-13
876,128,1.8,2005-03-26
876,413,4.7,2009-08-09
876,498,3.5,2013-12-22
877,147,2.7,2001-07-09
877,322,4.4,2005-11-21
877,467,1.9,2010-04-04
878,104,3.6,2004-08-17
878,279,4.2,2008-12-30
878,464,2.8,2013-05-13
879,132,1.5,2001-10-25
879,403,4.9,2006-03-09
879,488,3.1,2010-07-22
880,135,2.6,2005-01-01
880,406,4.4,2009-05-16
880,491,1.8,2013-09-29
881,112,3.9,2001-02-12
881,287,4.2,2005-06-27
881,462,2.5,2009-11-09
882,119,1.7,2003-04-21
882,400,4.8,2007-10-04
882,485,3.3,2012-02-16
883,136,2.9,2006-07-29
883,411,4.5,2010-12-11
883,486,1.6,2015-04-25
884,100,3.7,2002-01-06
884,275,4.3,2006-05-22
884,460,2.4,2010-10-05
885,124,1.8,2005-03-18
885,399,4.7,2009-08-01
885,494,3.5,2013-12-14
886,143,2.7,2001-07-01
886,318,4.4,2005-11-13
886,463,1.9,2010-03-27
887,108,3.6,2004-08-09
887,283,4.2,2008-12-22
887,468,2.8,2013-05-05
888,128,1.5,2001-10-17
888,403,4.9,2006-03-01
888,488,3.1,2010-07-14
889,131,2.6,2004-12-24
889,398,4.4,2009-05-08
889,483,1.8,2013-09-21
890,116,3.9,2001-02-04
890,291,4.2,2005-06-19
890,466,2.5,2009-11-01
891,123,1.7,2003-04-13
891,408,4.8,2007-09-26
891,493,3.3,2012-02-08
892,140,2.9,2006-07-21
892,415,4.5,2010-12-03
892,490,1.6,2015-04-17
893,98,3.7,2001-12-29
893,273,4.3,2006-05-14
893,458,2.4,2010-09-27
894,128,1.8,2005-03-10
894,413,4.7,2009-07-25
894,498,3.5,2013-12-07
895,147,2.7,2001-06-25
895,322,4.4,2005-11-07
895,467,1.9,2010-03-20
896,104,3.6,2004-08-01
896,279,4.2,2008-12-14
896,464,2.8,2013-04-28
897,132,1.5,2001-10-09
897,403,4.9,2006-02-22
897,488,3.1,2010-07-06
898,135,2.6,2004-12-16
898,406,4.4,2009-05-01
898,491,1.8,2013-09-13
899,112,3.9,2001-01-28
899,287,4.2,2005-06-11
899,462,2.5,2009-10-25
900,119,1.7,2003-04-05
900,400,4.8,2007-09-18
900,485,3.3,2012-01-31
901,136,2.9,2006-07-13
901,411,4.5,2010-11-25
901,486,1.6,2015-04-09
902,100,3.7,2001-12-21
902,275,4.3,2006-05-06
902,460,2.4,2010-09-19
903,124,1.8,2005-03-02
903,399,4.7,2009-07-17
903,494,3.5,2013-11-29
904,143,2.7,2001-06-17
904,318,4.4,2005-10-30
904,463,1.9,2010-03-13
905,108,3.6,2004-07-25
905,283,4.2,2008-12-07
905,468,2.8,2013-04-21
906,128,1.5,2001-10-01
906,403,4.9,2006-03-17
906,488,3.1,2010-06-28
907,131,2.6,2004-12-08
907,398,4.4,2009-04-23
907,483,1.8,2013-09-05
908,116,3.9,2001-01-20
908,291,4.2,2005-06-03
908,466,2.5,2009-10-17
909,123,1.7,2003-03-29
909,408,4.8,2007-09-11
909,493,3.3,2012-01-24
910,140,2.9,2006-07-05
910,415,4.5,2010-11-18
910,490,1.6,2015-04-01
911,98,3.7,2001-12-13
911,273,4.3,2006-04-29
911,458,2.4,2010-09-11
912,128,1.8,2005-02-23
912,413,4.7,2009-07-09
912,498,3.5,2013-11-22
913,147,2.7,2001-06-09
913,322,4.4,2005-10-22
913,467,1.9,2010-03-06
914,104,3.6,2004-07-17
914,279,4.2,2008-11-29
914,464,2.8,2013-04-13
915,132,1.5,2001-09-25
915,403,4.9,2006-02-07
915,488,3.1,2010-06-21
916,135,2.6,2004-12-01
916,406,4.4,2009-04-15
916,491,1.8,2013-08-28
917,112,3.9,2001-01-12
917,287,4.2,2005-05-27
917,462,2.5,2009-10-09
918,119,1.7,2003-03-21
918,400,4.8,2007-09-03
918,485,3.3,2012-01-16
919,136,2.9,2006-06-27
919,411,4.5,2010-11-10
919,486,1.6,2015-03-25
920,100,3.7,2002-01-06
920,275,4.3,2006-05-22
920,460,2.4,2010-10-05
921,124,1.8,2005-02-15
921,399,4.7,2009-07-01
921,494,3.5,2013-11-14
922,143,2.7,2001-06-01
922,318,4.4,2005-10-14
922,463,1.9,2010-02-26
923,108,3.6,2004-07-09
923,283,4.2,2008-11-21
923,468,2.8,2013-04-05
924,128,1.5,2001-09-17
924,403,4.9,2006-01-31
924,488,3.1,2010-06-14
925,131,2.6,2004-11-25
925,398,4.4,2009-04-08
925,483,1.8,2013-08-21
926,116,3.9,2001-01-04
926,291,4.2,2005-05-19
926,466,2.5,2009-10-01
927,123,1.7,2003-03-13
927,408,4.8,2007-08-26
927,493,3.3,2012-01-08
928,140,2.9,2006-06-19
928,415,4.5,2010-11-02
928,490,1.6,2015-03-17
929,98,3.7,2001-11-27
929,273,4.3,2006-04-13
929,458,2.4,2010-08-26
930,128,1.8,2005-02-07
930,413,4.7,2009-06-24
930,498,3.5,2013-11-06
931,147,2.7,2001-05-25
931,322,4.4,2005-10-07
931,467,1.9,2010-02-19
932,104,3.6,2004-07-01
932,279,4.2,2008-11-13
932,464,2.8,2013-03-28
933,132,1.5,2001-09-09
933,403,4.9,2006-02-22
933,488,3.1,2010-06-06
934,135,2.6,2004-11-17
934,406,4.4,2009-05-01
934,491,1.8,2013-09-13
935,112,3.9,2000-12-28
935,287,4.2,2005-05-12
935,462,2.5,2009-09-24
936,119,1.7,2003-03-05
936,400,4.8,2007-09-18
936,485,3.3,2012-01-31
937,136,2.9,2006-07-05
937,411,4.5,2010-11-18
937,486,1.6,2015-04-01
938,100,3.7,2001-12-05
938,275,4.3,2006-04-21
938,460,2.4,2010-09-03
939,124,1.8,2005-02-23
939,399,4.7,2009-07-09
939,494,3.5,2013-11-22
940,143,2.7,2001-06-09
940,318,4.4,2005-10-22
940,463,1.9,2010-03-06
941,108,3.6,2004-07-17
941,283,4.2,2008-11-29
941,468,2.8,2013-04-13
942,128,1.5,2001-09-25
942,403,4.9,2006-02-07
942,488,3.1,2010-06-21
943,131,2.6,2004-12-01
943,398,4.4,2009-04-15
943,483,1.8,2013-08-28
944,116,3.9,2001-01-12
944,291,4.2,2005-05-27
944,466,2.5,2009-10-09
945,123,1.7,2003-03-21
945,408,4.8,2007-09-03
945,493,3.3,2012-01-16
946,140,2.9,2006-06-27
946,415,4.5,2010-11-10
946,490,1.6,2015-03-25
947,98,3.7,2001-12-05
947,273,4.3,2006-04-21
947,458,2.4,2010-09-03
948,128,1.8,2005-02-15
948,413,4.7,2009-07-01
948,498,3.5,2013-11-14
949,147,2.7,2001-06-01
949,322,4.4,2005-10-14
949,467,1.9,2010-02-26
950,104,3.6,2004-07-09
950,279,4.2,2008-11-21
950,464,2.8,2013-04-05
951,132,1.5,2001-09-17
951,403,4.9,2006-01-31
951,488,3.1,2010-06-14
952,135,2.6,2004-11-25
952,406,4.4,2009-04-08
952,491,1.8,2013-08-21
953,112,3.9,2001-01-04
953,287,4.2,2005-05-19
953,462,2.5,2009-10-01
954,119,1.7,2003-03-13
954,400,4.8,2007-08-26
954,485,3.3,2012-01-08
955,136,2.9,2006-06-19
955,411,4.5,2010-11-02
955,486,1.6,2015-03-17
956,100,3.7,2001-11-27
956,275,4.3,2006-04-13
956,460,2.4,2010-08-26
957,124,1.8,2005-02-07
957,399,4.7,2009-06-24
957,494,3.5,2013-11-06
958,143,2.7,2001-05-25
958,318,4.4,2005-10-07
958,463,1.9,2010-02-19
959,108,3.6,2004-07-01
959,283,4.2,2008-11-13
959,468,2.8,2013-03-28
960,128,1.5,2001-09-09
960,403,4.9,2006-02-22
960,488,3.1,2010-06-06
961,131,2.6,2004-11-17
961,398,4.4,2009-05-01
961,483,1.8,2013-09-13
962,116,3.9,2000-12-28
962,291,4.2,2005-05-12
962,466,2.5,2009-09-24
963,123,1.7,2003-03-05
963,408,4.8,2007-09-18
963,493,3.3,2012-01-31
964,140,2.9,2006-07-05
964,415,4.5,2010-11-18
964,490,1.6,2015-04-01
965,98,3.7,2001-12-05
965,273,4.3,2006-04-21
965,458,2.4,2010-09-03
966,128,1.8,2005-02-23
966,413,4.7,2009-07-09
966,498,3.5,2013-11-22
967,147,2.7,2001-06-09
967,322,4.4,2005-10-22
967,467,1.9,2010-03-06
968,104,3.6,2004-07-17
968,279,4.2,2008-11-29
968,464,2.8,2013-04-13
969,132,1.5,2001-09-25
969,403,4.9,2006-02-07
969,488,3.1,2010-06-21
970,135,2.6,2004-12-01
970,406,4.4,2009-04-15
970,491,1.8,2013-08-28
971,112,3.9,2001-01-12
971,287,4.2,2005-05-27
971,462,2.5,2009-10-09
972,119,1.7,2003-03-21
972,400,4.8,2007-09-03
972,485,3.3,2012-01-16
973,136,2.9,2006-06-27
973,411,4.5,2010-11-10
973,486,1.6,2015-03-25
974,100,3.7,2001-12-05
974,275,4.3,2006-04-21
974,460,2.4,2010-09-03
975,124,1.8,2005-02-15
975,399,4.7,2009-07-01
975,494,3.5,2013-11-14
976,143,2.7,2001-06-01
976,318,4.4,2005-10-14
976,463,1.9,2010-02-26
977,108,3.6,2004-07-09
977,283,4.2,2008-11-21
977,468,2.8,2013-04-05
978,128,1.5,2001-09-17
978,403,4.9,2006-01-31
978,488,3.1,2010-06-14
979,131,2.6,2004-11-25
979,398,4.4,2009-04-08
979,483,1.8,2013-08-21
980,116,3.9,2001-01-04
980,291,4.2,2005-05-19
980,466,2.5,2009-10-01
981,123,1.7,2003-03-13
981,408,4.8,2007-08-26
981,493,3.3,2012-01-08
982,140,2.9,2006-06-19
982,415,4.5,2010-11-02
982,490,1.6,2015-03-17
983,98,3.7,2001-11-27
983,273,4.3,2006-04-13
983,458,2.4,2010-08-26
984,128,1.8,2005-02-07
984,413,4.7,2009-06-24
984,498,3.5,2013-11-06
985,147,2.7,2001-05-25
985,322,4.4,2005-10-07
985,467,1.9,2010-02-19
986,104,3.6,2004-07-01
986,279,4.2,2008-11-13
986,464,2.8,2013-03-28
987,132,1.5,2001-09-09
987,403,4.9,2006-02-22
987,488,3.1,2010-06-06
988,135,2.6,2004-11-17
988,406,4.4,2009-05-01
989,287,4.2,2005-05-12
989,462,2.5,2009-09-24
990,119,1.7,2003-03-05
990,400,4.8,2007-09-18
991,411,4.5,2010-11-18
991,486,1.6,2015-04-01
992,100,3.7,2001-12-05
992,275,4.3,2006-04-21
993,399,4.7,2009-07-09
993,494,3.5,2013-11-22
994,143,2.7,2001-06-09
994,318,4.4,2005-10-22
995,283,4.2,2008-11-29
995,468,2.8,2013-04-13
996,128,1.5,2001-09-25
996,403,4.9,2006-02-07
997,398,4.4,2009-04-15
997,483,1.8,2013-08-28
998,291,4.2,2005-05-27
998,466,2.5,2009-10-09
999,408,4.8,2007-09-03
999,493,3.3,2012-01-16
1000,415,4.5,2010-11-10
1000,490,1.6,2015-03-25
